{
  "firstLayout": "",
  "gdVersion": {
    "build": 99,
    "major": 4,
    "minor": 0,
    "revision": 0
  },
  "properties": {
    "adaptGameResolutionAtRuntime": true,
    "antialiasingMode": "MSAA",
    "antialisingEnabledOnMobile": false,
    "folderProject": false,
    "orientation": "landscape",
    "packageName": "com.example.gamename",
    "pixelsRounding": false,
    "projectUuid": "fab31fd9-dc0e-409a-aa37-384ec99b6565",
    "scaleMode": "linear",
    "sizeOnStartupMode": "adaptWidth",
    "templateSlug": "",
    "useExternalSourceFiles": false,
    "version": "1.0.0",
    "name": "Task_gamelab_2",
    "description": "",
    "author": "",
    "windowWidth": 1280,
    "windowHeight": 720,
    "latestCompilationDirectory": "",
    "maxFPS": 60,
    "minFPS": 20,
    "verticalSync": false,
    "platformSpecificAssets": {},
    "loadingScreen": {
      "backgroundColor": 0,
      "backgroundFadeInDuration": 0.2,
      "backgroundImageResourceName": "",
      "gdevelopLogoStyle": "light",
      "logoAndProgressFadeInDuration": 0.2,
      "logoAndProgressLogoFadeInDelay": 0,
      "minDuration": 1.5,
      "progressBarColor": 16777215,
      "progressBarHeight": 20,
      "progressBarMaxWidth": 200,
      "progressBarMinWidth": 40,
      "progressBarWidthPercent": 30,
      "showGDevelopSplash": true,
      "showProgressBar": true
    },
    "watermark": {
      "placement": "bottom-left",
      "showWatermark": true
    },
    "authorIds": [],
    "authorUsernames": [],
    "categories": [],
    "playableDevices": [],
    "extensionProperties": [],
    "platforms": [
      {
        "name": "GDevelop JS platform"
      }
    ],
    "currentPlatform": "GDevelop JS platform"
  },
  "resources": {
    "resources": [
      {
        "alwaysLoaded": false,
        "file": "assets/NewSprite.png",
        "kind": "image",
        "metadata": "{\"extension\":\".png\"}",
        "name": "NewSprite",
        "smoothed": true,
        "userAdded": true
      },
      {
        "alwaysLoaded": false,
        "file": "assets/NewSprite2.png",
        "kind": "image",
        "metadata": "{\"extension\":\".png\"}",
        "name": "NewSprite2",
        "smoothed": true,
        "userAdded": true
      },
      {
        "alwaysLoaded": false,
        "file": "assets/idle.png",
        "kind": "image",
        "metadata": "{\"extension\":\".png\"}",
        "name": "idle",
        "smoothed": true,
        "userAdded": true
      },
      {
        "alwaysLoaded": false,
        "file": "assets/NewTiledSprite.png",
        "kind": "image",
        "metadata": "{\"extension\":\".png\",\"pskl\":{}}",
        "name": "NewTiledSprite",
        "smoothed": true,
        "userAdded": true
      },
      {
        "alwaysLoaded": false,
        "file": "assets/NewTiledSprite2.png",
        "kind": "image",
        "metadata": "{\"extension\":\".png\",\"pskl\":{}}",
        "name": "NewTiledSprite2",
        "smoothed": true,
        "userAdded": true
      },
      {
        "alwaysLoaded": false,
        "file": "assets/Background.png",
        "kind": "image",
        "metadata": "",
        "name": "assets\\Background.png",
        "smoothed": true,
        "userAdded": true
      },
      {
        "alwaysLoaded": false,
        "file": "assets/Character.png",
        "kind": "image",
        "metadata": "{\"localFilePath\":\"assets/Character.png\",\"extension\":\".png\"}",
        "name": "assets\\Character.png",
        "smoothed": true,
        "userAdded": true
      },
      {
        "alwaysLoaded": false,
        "file": "assets/Point.png",
        "kind": "image",
        "metadata": "",
        "name": "assets\\Point.png",
        "smoothed": true,
        "userAdded": true
      },
      {
        "alwaysLoaded": false,
        "file": "assets/NewSprite3.png",
        "kind": "image",
        "metadata": "{\"extension\":\".png\",\"localFilePath\":\"assets/NewSprite3.png\"}",
        "name": "NewSprite3",
        "smoothed": true,
        "userAdded": true
      },
      {
        "alwaysLoaded": false,
        "file": "assets/Wall.png",
        "kind": "image",
        "metadata": "",
        "name": "assets\\Wall.png",
        "smoothed": true,
        "userAdded": true
      },
      {
        "alwaysLoaded": false,
        "file": "assets/DeadZone.png",
        "kind": "image",
        "metadata": "",
        "name": "assets\\DeadZone.png",
        "smoothed": true,
        "userAdded": true
      }
    ],
    "resourceFolders": []
  },
  "objects": [],
  "objectsFolderStructure": {
    "folderName": "__ROOT"
  },
  "objectsGroups": [],
  "variables": [],
  "layouts": [
    {
      "b": 209,
      "disableInputWhenNotFocused": true,
      "mangledName": "Game",
      "name": "Game",
      "r": 209,
      "standardSortMethod": true,
      "stopSoundsOnStartup": true,
      "title": "",
      "v": 209,
      "uiSettings": {
        "grid": true,
        "gridType": "rectangular",
        "gridWidth": 32,
        "gridHeight": 32,
        "gridOffsetX": 0,
        "gridOffsetY": 0,
        "gridColor": 10401023,
        "gridAlpha": 0.8,
        "snap": true,
        "zoomFactor": 0.546875,
        "windowMask": false
      },
      "objectsGroups": [],
      "variables": [],
      "instances": [
        {
          "angle": 0,
          "customSize": false,
          "height": 0,
          "layer": "",
          "name": "Character",
          "persistentUuid": "bd562da5-08e9-401b-bf52-afa96d498122",
          "width": 0,
          "x": 96,
          "y": 608,
          "zOrder": 1,
          "numberProperties": [],
          "stringProperties": [],
          "initialVariables": []
        },
        {
          "angle": 0,
          "customSize": false,
          "height": 0,
          "layer": "",
          "name": "Point",
          "persistentUuid": "0ccd89f8-4e11-40da-add5-c8d9ecac01c6",
          "width": 0,
          "x": 96,
          "y": 64,
          "zOrder": 2,
          "numberProperties": [],
          "stringProperties": [],
          "initialVariables": []
        },
        {
          "angle": 0,
          "customSize": true,
          "depth": 1,
          "height": 256,
          "layer": "",
          "name": "Wall",
          "persistentUuid": "39c0617d-29bc-4799-b35c-0f69c7ccbe3e",
          "width": 96,
          "x": 256,
          "y": 480,
          "zOrder": 0,
          "numberProperties": [],
          "stringProperties": [],
          "initialVariables": []
        },
        {
          "angle": 90,
          "customSize": true,
          "depth": 1,
          "height": 128,
          "layer": "",
          "name": "Wall",
          "persistentUuid": "3a0fabb7-d4c7-4090-b6ef-af3adfeeb689",
          "width": 64,
          "x": 32,
          "y": 480,
          "zOrder": 0,
          "numberProperties": [],
          "stringProperties": [],
          "initialVariables": []
        },
        {
          "angle": 0,
          "customSize": true,
          "depth": 1,
          "height": 64,
          "layer": "",
          "name": "Wall",
          "persistentUuid": "af0ef821-deb2-4823-9562-4d5b768352ec",
          "width": 160,
          "x": 256,
          "y": 320,
          "zOrder": 3,
          "numberProperties": [],
          "stringProperties": [],
          "initialVariables": []
        },
        {
          "angle": 0,
          "customSize": true,
          "depth": 1,
          "height": 149,
          "layer": "",
          "name": "Wall",
          "persistentUuid": "cde29812-d2d9-4514-9125-fc32be4558c2",
          "width": 32,
          "x": 448,
          "y": 459,
          "zOrder": 4,
          "numberProperties": [],
          "stringProperties": [],
          "initialVariables": []
        },
        {
          "angle": 0,
          "customSize": true,
          "depth": 1,
          "height": 32,
          "layer": "",
          "name": "Wall",
          "persistentUuid": "71fbcff2-cce9-45e4-a5f3-6c7606fe9bb2",
          "width": 128,
          "x": 0,
          "y": 160,
          "zOrder": 5,
          "numberProperties": [],
          "stringProperties": [],
          "initialVariables": []
        },
        {
          "angle": 0,
          "customSize": true,
          "depth": 1,
          "height": 64,
          "layer": "",
          "name": "Wall",
          "persistentUuid": "f64cbbad-f88d-43d3-ac0d-49d8785dd6fd",
          "width": 64,
          "x": 384,
          "y": 128,
          "zOrder": 6,
          "numberProperties": [],
          "stringProperties": [],
          "initialVariables": []
        },
        {
          "angle": 0,
          "customSize": true,
          "depth": 1,
          "height": 32,
          "layer": "",
          "name": "Wall",
          "persistentUuid": "c1e55d7e-4931-4666-ac92-e9a3eba83c76",
          "width": 192,
          "x": 864,
          "y": 256,
          "zOrder": 7,
          "numberProperties": [],
          "stringProperties": [],
          "initialVariables": []
        },
        {
          "angle": 0,
          "customSize": true,
          "depth": 1,
          "height": 64,
          "layer": "",
          "name": "Wall",
          "persistentUuid": "d9518bcb-e649-4003-9270-e90b528a35cd",
          "width": 32,
          "x": 896,
          "y": 96,
          "zOrder": 8,
          "numberProperties": [],
          "stringProperties": [],
          "initialVariables": []
        },
        {
          "angle": 0,
          "customSize": true,
          "depth": 1,
          "height": 32,
          "layer": "",
          "name": "Wall",
          "persistentUuid": "9a74d951-f9b8-4189-8a91-2637043fbffd",
          "width": 416,
          "x": 608,
          "y": 576,
          "zOrder": 9,
          "numberProperties": [],
          "stringProperties": [],
          "initialVariables": []
        },
        {
          "angle": 0,
          "customSize": true,
          "depth": 1,
          "height": 224,
          "layer": "",
          "name": "Wall",
          "persistentUuid": "3ffd9856-149c-4d27-b7eb-841f28ee6090",
          "width": 32,
          "x": 1120,
          "y": 384,
          "zOrder": 10,
          "numberProperties": [],
          "stringProperties": [],
          "initialVariables": []
        },
        {
          "angle": 0,
          "customSize": true,
          "depth": 1,
          "height": 96,
          "layer": "",
          "name": "Wall",
          "persistentUuid": "07392cd0-5302-42ad-b23b-26576647008e",
          "width": 224,
          "x": 544,
          "y": 256,
          "zOrder": 11,
          "numberProperties": [],
          "stringProperties": [],
          "initialVariables": []
        },
        {
          "angle": 0,
          "customSize": true,
          "depth": 1,
          "height": 32,
          "layer": "",
          "name": "Wall",
          "persistentUuid": "b8d2b741-71cf-474b-bba9-5ba93f7cc2b2",
          "width": 192,
          "x": 672,
          "y": 448,
          "zOrder": 12,
          "numberProperties": [],
          "stringProperties": [],
          "initialVariables": []
        },
        {
          "angle": 0,
          "customSize": true,
          "depth": 1,
          "height": 32,
          "layer": "",
          "name": "Wall",
          "persistentUuid": "02c1f3f5-f1f4-45aa-bb18-e608bf386c32",
          "width": 128,
          "x": 1024,
          "y": 96,
          "zOrder": 13,
          "numberProperties": [],
          "stringProperties": [],
          "initialVariables": []
        },
        {
          "angle": 0,
          "customSize": true,
          "depth": 1,
          "height": 128,
          "layer": "",
          "name": "Wall",
          "persistentUuid": "67b95cd0-7b9f-46ac-8820-923183addff7",
          "width": 32,
          "x": 128,
          "y": 288,
          "zOrder": 14,
          "numberProperties": [],
          "stringProperties": [],
          "initialVariables": []
        },
        {
          "angle": 0,
          "customSize": true,
          "depth": 1,
          "height": 160,
          "layer": "",
          "name": "Wall",
          "persistentUuid": "971ba17c-e789-4028-a256-099fc0f8d375",
          "width": 32,
          "x": 256,
          "y": 32,
          "zOrder": 15,
          "numberProperties": [],
          "stringProperties": [],
          "initialVariables": []
        },
        {
          "angle": 0,
          "customSize": true,
          "depth": 1,
          "height": 96,
          "layer": "",
          "name": "Wall",
          "persistentUuid": "ba971412-e8d5-41ce-af36-5324002e2469",
          "width": 32,
          "x": 992,
          "y": 384,
          "zOrder": 16,
          "numberProperties": [],
          "stringProperties": [],
          "initialVariables": []
        },
        {
          "angle": 0,
          "customSize": true,
          "depth": 1,
          "height": 32,
          "layer": "",
          "name": "Wall",
          "persistentUuid": "f3badc99-98e8-4d10-9793-706d81ed1116",
          "width": 224,
          "x": 576,
          "y": 128,
          "zOrder": 17,
          "numberProperties": [],
          "stringProperties": [],
          "initialVariables": []
        },
        {
          "angle": 0,
          "customSize": true,
          "depth": 1,
          "height": 32,
          "layer": "",
          "name": "DeadZone",
          "persistentUuid": "f1bdc86d-4123-4046-9a6d-d1c2ee6119a8",
          "width": 1280,
          "x": 0,
          "y": 0,
          "zOrder": 18,
          "numberProperties": [],
          "stringProperties": [],
          "initialVariables": []
        },
        {
          "angle": 0,
          "customSize": true,
          "depth": 1,
          "height": 736,
          "layer": "",
          "name": "DeadZone",
          "persistentUuid": "0a575ebe-7d8f-4fea-b95b-3446dda35fbf",
          "width": 32,
          "x": 1248,
          "y": 0,
          "zOrder": 19,
          "numberProperties": [],
          "stringProperties": [],
          "initialVariables": []
        },
        {
          "angle": 0,
          "customSize": true,
          "depth": 1,
          "height": 736,
          "layer": "",
          "name": "DeadZone",
          "persistentUuid": "3dbb840f-597c-4ac3-a1ff-00f0036b8adb",
          "width": 32,
          "x": 0,
          "y": 0,
          "zOrder": 20,
          "numberProperties": [],
          "stringProperties": [],
          "initialVariables": []
        },
        {
          "angle": 0,
          "customSize": true,
          "depth": 1,
          "height": 32,
          "layer": "",
          "name": "DeadZone",
          "persistentUuid": "b86dfd75-bb60-4254-935a-086fbc3a4764",
          "width": 1280,
          "x": 0,
          "y": 704,
          "zOrder": 18,
          "numberProperties": [],
          "stringProperties": [],
          "initialVariables": []
        }
      ],
      "objects": [
        {
          "adaptCollisionMaskAutomatically": true,
          "assetStoreId": "",
          "name": "Character",
          "type": "Sprite",
          "updateIfNotVisible": false,
          "variables": [],
          "effects": [],
          "behaviors": [],
          "animations": [
            {
              "name": "Idle",
              "useMultipleDirections": false,
              "directions": [
                {
                  "looping": false,
                  "metadata": "{\"pskl\":{}}",
                  "timeBetweenFrames": 0.08,
                  "sprites": [
                    {
                      "hasCustomCollisionMask": true,
                      "image": "assets\\Character.png",
                      "points": [],
                      "originPoint": {
                        "name": "origine",
                        "x": 0,
                        "y": 0
                      },
                      "centerPoint": {
                        "automatic": true,
                        "name": "centre",
                        "x": 0,
                        "y": 0
                      },
                      "customCollisionMask": [
                        [
                          {
                            "x": 0,
                            "y": 0
                          },
                          {
                            "x": 64,
                            "y": 0
                          },
                          {
                            "x": 64,
                            "y": 64
                          },
                          {
                            "x": 0,
                            "y": 64
                          }
                        ]
                      ]
                    }
                  ]
                }
              ]
            }
          ]
        },
        {
          "adaptCollisionMaskAutomatically": true,
          "assetStoreId": "",
          "name": "Point",
          "type": "Sprite",
          "updateIfNotVisible": false,
          "variables": [],
          "effects": [],
          "behaviors": [],
          "animations": [
            {
              "name": "idle",
              "useMultipleDirections": false,
              "directions": [
                {
                  "looping": false,
                  "metadata": "{\"pskl\":{}}",
                  "timeBetweenFrames": 0.08,
                  "sprites": [
                    {
                      "hasCustomCollisionMask": true,
                      "image": "assets\\Point.png",
                      "points": [],
                      "originPoint": {
                        "name": "origine",
                        "x": 0,
                        "y": 0
                      },
                      "centerPoint": {
                        "automatic": true,
                        "name": "centre",
                        "x": 0,
                        "y": 0
                      },
                      "customCollisionMask": [
                        [
                          {
                            "x": 0,
                            "y": 0
                          },
                          {
                            "x": 32,
                            "y": 0
                          },
                          {
                            "x": 32,
                            "y": 32
                          },
                          {
                            "x": 0,
                            "y": 32
                          }
                        ]
                      ]
                    }
                  ]
                }
              ]
            }
          ]
        },
        {
          "assetStoreId": "",
          "height": 32,
          "name": "Wall",
          "texture": "assets\\Wall.png",
          "type": "TiledSpriteObject::TiledSprite",
          "width": 32,
          "variables": [],
          "effects": [],
          "behaviors": []
        },
        {
          "adaptCollisionMaskAutomatically": true,
          "assetStoreId": "",
          "name": "DeadZone",
          "type": "Sprite",
          "updateIfNotVisible": false,
          "variables": [],
          "effects": [],
          "behaviors": [],
          "animations": [
            {
              "name": "idle",
              "useMultipleDirections": false,
              "directions": [
                {
                  "looping": false,
                  "metadata": "{\"pskl\":{}}",
                  "timeBetweenFrames": 0.08,
                  "sprites": [
                    {
                      "hasCustomCollisionMask": true,
                      "image": "assets\\DeadZone.png",
                      "points": [],
                      "originPoint": {
                        "name": "origine",
                        "x": 0,
                        "y": 0
                      },
                      "centerPoint": {
                        "automatic": true,
                        "name": "centre",
                        "x": 0,
                        "y": 0
                      },
                      "customCollisionMask": [
                        [
                          {
                            "x": 0,
                            "y": 0
                          },
                          {
                            "x": 64,
                            "y": 0
                          },
                          {
                            "x": 64,
                            "y": 64
                          },
                          {
                            "x": 0,
                            "y": 64
                          }
                        ]
                      ]
                    }
                  ]
                }
              ]
            }
          ]
        }
      ],
      "objectsFolderStructure": {
        "folderName": "__ROOT",
        "children": [
          {
            "objectName": "Character"
          },
          {
            "objectName": "Point"
          },
          {
            "objectName": "Wall"
          },
          {
            "objectName": "DeadZone"
          }
        ]
      },
      "events": [
        {
          "type": "BuiltinCommonInstructions::Standard",
          "conditions": [],
          "actions": []
        }
      ],
      "layers": [
        {
          "ambientLightColorB": 200,
          "ambientLightColorG": 200,
          "ambientLightColorR": 200,
          "camera3DFarPlaneDistance": 10000,
          "camera3DFieldOfView": 45,
          "camera3DNearPlaneDistance": 3,
          "cameraType": "",
          "followBaseLayerCamera": false,
          "isLightingLayer": false,
          "isLocked": false,
          "name": "",
          "renderingType": "",
          "visibility": true,
          "cameras": [
            {
              "defaultSize": true,
              "defaultViewport": true,
              "height": 0,
              "viewportBottom": 1,
              "viewportLeft": 0,
              "viewportRight": 1,
              "viewportTop": 0,
              "width": 0
            }
          ],
          "effects": [
            {
              "effectType": "Scene3D::HemisphereLight",
              "name": "3D Light",
              "doubleParameters": {
                "elevation": 45,
                "intensity": 1,
                "rotation": 0
              },
              "stringParameters": {
                "groundColor": "64;64;64",
                "skyColor": "255;255;255",
                "top": "Y-"
              },
              "booleanParameters": {}
            }
          ]
        }
      ],
      "behaviorsSharedData": [
        {
          "name": "Animation",
          "type": "AnimatableCapability::AnimatableBehavior"
        },
        {
          "name": "Effect",
          "type": "EffectCapability::EffectBehavior"
        },
        {
          "name": "Flippable",
          "type": "FlippableCapability::FlippableBehavior"
        },
        {
          "name": "Opacity",
          "type": "OpacityCapability::OpacityBehavior"
        },
        {
          "name": "Resizable",
          "type": "ResizableCapability::ResizableBehavior"
        },
        {
          "name": "Scale",
          "type": "ScalableCapability::ScalableBehavior"
        }
      ]
    }
  ],
  "externalEvents": [],
  "eventsFunctionsExtensions": [],
  "externalLayouts": [],
  "externalSourceFiles": []
}